Timestamp,User ID,Filename,IP,Hostname,Status
2025-05-26 15:31:48 IST,cdeba7fd493b48e2ab35967fa6018484,e710751f14c644f88c47647f85305277.pdf,127.0.0.1,7108KAMALS4630L,Upload Started
2025-05-26 15:31:48 IST,cdeba7fd493b48e2ab35967fa6018484,e45a1eb144d84180ba55374aa033eb84.pdf,127.0.0.1,7108KAMALS4630L,Upload Started
2025-05-26 15:32:14 IST,cdeba7fd493b48e2ab35967fa6018484,c217b73a40f4472a991b0152d0cbcdb7.pdf,127.0.0.1,7108KAMALS4630L,Upload Started
2025-05-26 15:32:14 IST,cdeba7fd493b48e2ab35967fa6018484,0ffce3c510994853890aa3c1a6f2ed86.pdf,127.0.0.1,7108KAMALS4630L,Upload Started
2025-05-26 15:36:23 IST,cdeba7fd493b48e2ab35967fa6018484,495db2902f8c452dbb10b300fe6dc379.pdf,127.0.0.1,7108KAMALS4630L,Upload Started
2025-05-26 15:36:23 IST,cdeba7fd493b48e2ab35967fa6018484,142d783691f140b99d899f69ee43a713.pdf,127.0.0.1,7108KAMALS4630L,Upload Started
2025-05-26 15:42:50 IST,cdeba7fd493b48e2ab35967fa6018484,11f30be32cc64ac6bdcdd8fd17d3e217.pdf,127.0.0.1,7108KAMALS4630L,Upload Started
2025-05-26 15:42:50 IST,cdeba7fd493b48e2ab35967fa6018484,8a232d24f14145d4b8b20d7bcd096bcf.pdf,127.0.0.1,7108KAMALS4630L,Upload Started
2025-05-26 15:45:19 IST,cdeba7fd493b48e2ab35967fa6018484,125113a5f2394979b0576b145a42be97.pdf,127.0.0.1,7108KAMALS4630L,Upload Started
2025-05-26 15:45:19 IST,cdeba7fd493b48e2ab35967fa6018484,d8c20229101f41ab80d9999e46f426d8.pdf,127.0.0.1,7108KAMALS4630L,Upload Started
2025-05-26 16:01:17 IST,cdeba7fd493b48e2ab35967fa6018484,a870623a648c44b28aaa6c036034976c.pdf,127.0.0.1,7108KAMALS4630L,Upload Started
2025-05-26 16:01:17 IST,cdeba7fd493b48e2ab35967fa6018484,f5b35a50931f4ab5a07f555cd9102bd4.pdf,127.0.0.1,7108KAMALS4630L,Upload Started
2025-05-28 12:53:15 IST,cdeba7fd493b48e2ab35967fa6018484,6c3aa85187b1457c95021470fa801436.pdf,127.0.0.1,7108KAMALS4630L,Upload Started
2025-05-28 12:53:15 IST,cdeba7fd493b48e2ab35967fa6018484,b481338d8e6a4200810a764666c087e0.pdf,127.0.0.1,7108KAMALS4630L,Upload Started
